index,id,owner,price
0,11400,0x15462d01Fad3833d72AFEc3d9B063F78A7Cf87E0,3333000000000
1,150,0xAE28c856345a07c83be2e5074955C0be5FEb2Be8,333330000000
2,0,0x763B280eBFeEfE5Fd6c6522e09A10FC511461ab8,333000000000
3,22800,0x763B280eBFeEfE5Fd6c6522e09A10FC511461ab8,333330000000
4,22799,0x763B280eBFeEfE5Fd6c6522e09A10FC511461ab8,100000000
5,22498,0x763B280eBFeEfE5Fd6c6522e09A10FC511461ab8,100000000
6,22497,0x763B280eBFeEfE5Fd6c6522e09A10FC511461ab8,100000000
7,22196,0x763B280eBFeEfE5Fd6c6522e09A10FC511461ab8,100000000
8,22346,0x763B280eBFeEfE5Fd6c6522e09A10FC511461ab8,100000000
9,22648,0x763B280eBFeEfE5Fd6c6522e09A10FC511461ab8,100000000
10,22344,0x763B280eBFeEfE5Fd6c6522e09A10FC511461ab8,100000000
11,22343,0x763B280eBFeEfE5Fd6c6522e09A10FC511461ab8,100000000
12,22644,0x763B280eBFeEfE5Fd6c6522e09A10FC511461ab8,100000000
13,22493,0x763B280eBFeEfE5Fd6c6522e09A10FC511461ab8,100000000
14,22795,0x763B280eBFeEfE5Fd6c6522e09A10FC511461ab8,100000000
15,22189,0x763B280eBFeEfE5Fd6c6522e09A10FC511461ab8,100000000
16,22339,0x763B280eBFeEfE5Fd6c6522e09A10FC511461ab8,100000000
17,22491,0x763B280eBFeEfE5Fd6c6522e09A10FC511461ab8,100000000
18,22641,0x763B280eBFeEfE5Fd6c6522e09A10FC511461ab8,100000000
19,22793,0x763B280eBFeEfE5Fd6c6522e09A10FC511461ab8,100000000
20,22639,0x763B280eBFeEfE5Fd6c6522e09A10FC511461ab8,100000000
21,22488,0x763B280eBFeEfE5Fd6c6522e09A10FC511461ab8,100000000
22,22336,0x763B280eBFeEfE5Fd6c6522e09A10FC511461ab8,100000000
23,22637,0x763B280eBFeEfE5Fd6c6522e09A10FC511461ab8,100000000
24,22486,0x763B280eBFeEfE5Fd6c6522e09A10FC511461ab8,100000000
25,22184,0x763B280eBFeEfE5Fd6c6522e09A10FC511461ab8,100000000
26,22030,0x763B280eBFeEfE5Fd6c6522e09A10FC511461ab8,100000000
27,22179,0x763B280eBFeEfE5Fd6c6522e09A10FC511461ab8,100000000
28,22330,0x763B280eBFeEfE5Fd6c6522e09A10FC511461ab8,100000000
29,22482,0x763B280eBFeEfE5Fd6c6522e09A10FC511461ab8,100000000
30,22784,0x763B280eBFeEfE5Fd6c6522e09A10FC511461ab8,100000000
31,22029,0x763B280eBFeEfE5Fd6c6522e09A10FC511461ab8,100000000
32,22335,0x763B280eBFeEfE5Fd6c6522e09A10FC511461ab8,100000000
33,22630,0x763B280eBFeEfE5Fd6c6522e09A10FC511461ab8,100000000
34,22479,0x763B280eBFeEfE5Fd6c6522e09A10FC511461ab8,100000000
35,22478,0x763B280eBFeEfE5Fd6c6522e09A10FC511461ab8,100000000
36,22628,0x763B280eBFeEfE5Fd6c6522e09A10FC511461ab8,100000000
37,22328,0x763B280eBFeEfE5Fd6c6522e09A10FC511461ab8,100000000
38,22177,0x763B280eBFeEfE5Fd6c6522e09A10FC511461ab8,100000000
39,22176,0x763B280eBFeEfE5Fd6c6522e09A10FC511461ab8,100000000
40,22173,0x763B280eBFeEfE5Fd6c6522e09A10FC511461ab8,100000000
41,22323,0x763B280eBFeEfE5Fd6c6522e09A10FC511461ab8,100000000
42,22780,0x763B280eBFeEfE5Fd6c6522e09A10FC511461ab8,100000000
43,22634,0x763B280eBFeEfE5Fd6c6522e09A10FC511461ab8,100000000
44,22781,0x763B280eBFeEfE5Fd6c6522e09A10FC511461ab8,100000000
45,22474,0x763B280eBFeEfE5Fd6c6522e09A10FC511461ab8,100000000
46,22624,0x763B280eBFeEfE5Fd6c6522e09A10FC511461ab8,100000000
47,22472,0x763B280eBFeEfE5Fd6c6522e09A10FC511461ab8,100000000
48,22622,0x763B280eBFeEfE5Fd6c6522e09A10FC511461ab8,100000000
49,22470,0x763B280eBFeEfE5Fd6c6522e09A10FC511461ab8,100000000
50,22014,0x763B280eBFeEfE5Fd6c6522e09A10FC511461ab8,100000000
51,22013,0x763B280eBFeEfE5Fd6c6522e09A10FC511461ab8,100000000
52,22012,0x763B280eBFeEfE5Fd6c6522e09A10FC511461ab8,100000000
53,22011,0x763B280eBFeEfE5Fd6c6522e09A10FC511461ab8,100000000
54,22162,0x763B280eBFeEfE5Fd6c6522e09A10FC511461ab8,100000000
55,22314,0x763B280eBFeEfE5Fd6c6522e09A10FC511461ab8,100000000
56,22313,0x763B280eBFeEfE5Fd6c6522e09A10FC511461ab8,100000000
57,22464,0x763B280eBFeEfE5Fd6c6522e09A10FC511461ab8,100000000
58,22761,0x763B280eBFeEfE5Fd6c6522e09A10FC511461ab8,100000000
59,22611,0x763B280eBFeEfE5Fd6c6522e09A10FC511461ab8,100000000
60,22459,0x763B280eBFeEfE5Fd6c6522e09A10FC511461ab8,100000000
61,22309,0x763B280eBFeEfE5Fd6c6522e09A10FC511461ab8,100000000
62,22615,0x763B280eBFeEfE5Fd6c6522e09A10FC511461ab8,100000000
63,22319,0x763B280eBFeEfE5Fd6c6522e09A10FC511461ab8,100000000
64,22759,0x763B280eBFeEfE5Fd6c6522e09A10FC511461ab8,100000000
65,22607,0x763B280eBFeEfE5Fd6c6522e09A10FC511461ab8,100000000
66,22456,0x763B280eBFeEfE5Fd6c6522e09A10FC511461ab8,100000000
67,22304,0x763B280eBFeEfE5Fd6c6522e09A10FC511461ab8,100000000
68,22454,0x763B280eBFeEfE5Fd6c6522e09A10FC511461ab8,100000000
69,22302,0x763B280eBFeEfE5Fd6c6522e09A10FC511461ab8,100000000
70,22452,0x763B280eBFeEfE5Fd6c6522e09A10FC511461ab8,100000000
71,22603,0x763B280eBFeEfE5Fd6c6522e09A10FC511461ab8,100000000
72,22753,0x763B280eBFeEfE5Fd6c6522e09A10FC511461ab8,100000000
73,22033,0x763B280eBFeEfE5Fd6c6522e09A10FC511461ab8,100000000
74,22650,0x15462d01Fad3833d72AFEc3d9B063F78A7Cf87E0,333000000000
75,22653,0x71FFFA78feabF54B1C550bf5fE53D290485a604d,0
76,22499,0x71FFFA78feabF54B1C550bf5fE53D290485a604d,0
77,22651,0x71FFFA78feabF54B1C550bf5fE53D290485a604d,0
78,22500,0x71FFFA78feabF54B1C550bf5fE53D290485a604d,0
79,3800,0x15462d01Fad3833d72AFEc3d9B063F78A7Cf87E0,5000000000
80,22652,0x71FFFA78feabF54B1C550bf5fE53D290485a604d,1
81,22348,0x71FFFA78feabF54B1C550bf5fE53D290485a604d,100
82,1,0xF5DBd20a5345C7EAfC92038eFeBEE3C85F6b9B68,100000000000
83,5344,0xF5DBd20a5345C7EAfC92038eFeBEE3C85F6b9B68,10000000000
84,3952,0x15462d01Fad3833d72AFEc3d9B063F78A7Cf87E0,5000000000
85,5193,0xF5DBd20a5345C7EAfC92038eFeBEE3C85F6b9B68,10000000000
86,4104,0x15462d01Fad3833d72AFEc3d9B063F78A7Cf87E0,5000000000
87,5042,0xF5DBd20a5345C7EAfC92038eFeBEE3C85F6b9B68,10000000000
88,4891,0xF5DBd20a5345C7EAfC92038eFeBEE3C85F6b9B68,10000000000
89,13916,0x15462d01Fad3833d72AFEc3d9B063F78A7Cf87E0,2000000000
90,14067,0x15462d01Fad3833d72AFEc3d9B063F78A7Cf87E0,2000000000
91,4892,0xF5DBd20a5345C7EAfC92038eFeBEE3C85F6b9B68,10000000000
92,14218,0x15462d01Fad3833d72AFEc3d9B063F78A7Cf87E0,2000000000
93,5044,0xF5DBd20a5345C7EAfC92038eFeBEE3C85F6b9B68,10000000000
94,4894,0xF5DBd20a5345C7EAfC92038eFeBEE3C85F6b9B68,10000000000
95,14068,0x15462d01Fad3833d72AFEc3d9B063F78A7Cf87E0,2000000000
96,13918,0x15462d01Fad3833d72AFEc3d9B063F78A7Cf87E0,2000000000
97,14069,0x15462d01Fad3833d72AFEc3d9B063F78A7Cf87E0,2000000000
98,14220,0x15462d01Fad3833d72AFEc3d9B063F78A7Cf87E0,2000000000
99,11551,0xF5DBd20a5345C7EAfC92038eFeBEE3C85F6b9B68,100000000000
100,14222,0x15462d01Fad3833d72AFEc3d9B063F78A7Cf87E0,2000000000
101,11249,0xF5DBd20a5345C7EAfC92038eFeBEE3C85F6b9B68,100000000000
102,11401,0xF5DBd20a5345C7EAfC92038eFeBEE3C85F6b9B68,100000000000
103,14071,0x15462d01Fad3833d72AFEc3d9B063F78A7Cf87E0,2000000000
104,11399,0xF5DBd20a5345C7EAfC92038eFeBEE3C85F6b9B68,100000000000
105,13765,0x15462d01Fad3833d72AFEc3d9B063F78A7Cf87E0,2000000000
106,13767,0x15462d01Fad3833d72AFEc3d9B063F78A7Cf87E0,2000000000
107,4895,0xF5DBd20a5345C7EAfC92038eFeBEE3C85F6b9B68,10000000000
108,13769,0x15462d01Fad3833d72AFEc3d9B063F78A7Cf87E0,2000000000
109,5046,0xF5DBd20a5345C7EAfC92038eFeBEE3C85F6b9B68,10000000000
110,5197,0xF5DBd20a5345C7EAfC92038eFeBEE3C85F6b9B68,10000000000
111,5348,0xF5DBd20a5345C7EAfC92038eFeBEE3C85F6b9B68,10000000000
112,11248,0x763B280eBFeEfE5Fd6c6522e09A10FC511461ab8,100000000000
113,22167,0x15462d01Fad3833d72AFEc3d9B063F78A7Cf87E0,100000000
114,11550,0x763B280eBFeEfE5Fd6c6522e09A10FC511461ab8,100000000000
115,11552,0x763B280eBFeEfE5Fd6c6522e09A10FC511461ab8,100000000000
116,11250,0x763B280eBFeEfE5Fd6c6522e09A10FC511461ab8,100000000000
117,10488,0xF5DBd20a5345C7EAfC92038eFeBEE3C85F6b9B68,200000000000
118,75,0x15462d01Fad3833d72AFEc3d9B063F78A7Cf87E0,200000000000
119,5048,0xF5DBd20a5345C7EAfC92038eFeBEE3C85F6b9B68,10000000000
120,18755,0x71FFFA78feabF54B1C550bf5fE53D290485a604d,1
121,18756,0x71FFFA78feabF54B1C550bf5fE53D290485a604d,1
122,18757,0x71FFFA78feabF54B1C550bf5fE53D290485a604d,1
123,18758,0x71FFFA78feabF54B1C550bf5fE53D290485a604d,1
124,18759,0x71FFFA78feabF54B1C550bf5fE53D290485a604d,1
125,18761,0x71FFFA78feabF54B1C550bf5fE53D290485a604d,1
126,18916,0x71FFFA78feabF54B1C550bf5fE53D290485a604d,1
127,18764,0x71FFFA78feabF54B1C550bf5fE53D290485a604d,1
128,18767,0x4340ac786edF408a0C8e9a2505727CDe8C17AC51,30000000000
129,18614,0x71FFFA78feabF54B1C550bf5fE53D290485a604d,1
130,18615,0x71FFFA78feabF54B1C550bf5fE53D290485a604d,1
131,19068,0x71FFFA78feabF54B1C550bf5fE53D290485a604d,1
132,19066,0x71FFFA78feabF54B1C550bf5fE53D290485a604d,1
133,18917,0x71FFFA78feabF54B1C550bf5fE53D290485a604d,1
134,19069,0x71FFFA78feabF54B1C550bf5fE53D290485a604d,1
135,18461,0x71FFFA78feabF54B1C550bf5fE53D290485a604d,1
136,18465,0x71FFFA78feabF54B1C550bf5fE53D290485a604d,1
137,11437,0x822c0aedcC6AEfF605bc266bF65B4735F7a54fa6,1000000000
138,18768,0x71FFFA78feabF54B1C550bf5fE53D290485a604d,1
139,18763,0x71FFFA78feabF54B1C550bf5fE53D290485a604d,1
140,18309,0x71FFFA78feabF54B1C550bf5fE53D290485a604d,0
141,18315,0x71FFFA78feabF54B1C550bf5fE53D290485a604d,100000000
142,18770,0x71FFFA78feabF54B1C550bf5fE53D290485a604d,0
143,18618,0x71FFFA78feabF54B1C550bf5fE53D290485a604d,0
144,18459,0x71FFFA78feabF54B1C550bf5fE53D290485a604d,0
145,18463,0x71FFFA78feabF54B1C550bf5fE53D290485a604d,0
146,19517,0x71FFFA78feabF54B1C550bf5fE53D290485a604d,0
147,19515,0x71FFFA78feabF54B1C550bf5fE53D290485a604d,0
148,19512,0x71FFFA78feabF54B1C550bf5fE53D290485a604d,0
149,19511,0x71FFFA78feabF54B1C550bf5fE53D290485a604d,0
150,19369,0x71FFFA78feabF54B1C550bf5fE53D290485a604d,0
151,19523,0x71FFFA78feabF54B1C550bf5fE53D290485a604d,0
152,19825,0x71FFFA78feabF54B1C550bf5fE53D290485a604d,0
153,18165,0x71FFFA78feabF54B1C550bf5fE53D290485a604d,0
154,18157,0x71FFFA78feabF54B1C550bf5fE53D290485a604d,2000000000
155,19669,0x71FFFA78feabF54B1C550bf5fE53D290485a604d,0
156,19663,0x71FFFA78feabF54B1C550bf5fE53D290485a604d,0
157,19519,0x71FFFA78feabF54B1C550bf5fE53D290485a604d,0
158,11286,0x822c0aedcC6AEfF605bc266bF65B4735F7a54fa6,1000000000
159,11588,0x15462d01Fad3833d72AFEc3d9B063F78A7Cf87E0,100000000
160,19671,0x71FFFA78feabF54B1C550bf5fE53D290485a604d,0
161,11739,0x15462d01Fad3833d72AFEc3d9B063F78A7Cf87E0,100000000
162,11890,0x15462d01Fad3833d72AFEc3d9B063F78A7Cf87E0,100000000
163,11135,0x822c0aedcC6AEfF605bc266bF65B4735F7a54fa6,1000000000
164,18753,0x71FFFA78feabF54B1C550bf5fE53D290485a604d,0
165,19508,0x71FFFA78feabF54B1C550bf5fE53D290485a604d,0
166,12041,0x15462d01Fad3833d72AFEc3d9B063F78A7Cf87E0,1000000000
167,10984,0x822c0aedcC6AEfF605bc266bF65B4735F7a54fa6,100000000
168,19659,0x71FFFA78feabF54B1C550bf5fE53D290485a604d,0
169,19815,0x71FFFA78feabF54B1C550bf5fE53D290485a604d,1000
170,19975,0x71FFFA78feabF54B1C550bf5fE53D290485a604d,1000000
171,20126,0x71FFFA78feabF54B1C550bf5fE53D290485a604d,10000000
172,20278,0x71FFFA78feabF54B1C550bf5fE53D290485a604d,0
173,19821,0x71FFFA78feabF54B1C550bf5fE53D290485a604d,0
174,19972,0x71FFFA78feabF54B1C550bf5fE53D290485a604d,0
175,10833,0x822c0aedcC6AEfF605bc266bF65B4735F7a54fa6,1000000000
176,19966,0x71FFFA78feabF54B1C550bf5fE53D290485a604d,10000000
177,18601,0x71FFFA78feabF54B1C550bf5fE53D290485a604d,0
178,19062,0x71FFFA78feabF54B1C550bf5fE53D290485a604d,10000000
179,10682,0x822c0aedcC6AEfF605bc266bF65B4735F7a54fa6,1000000000
180,19213,0x71FFFA78feabF54B1C550bf5fE53D290485a604d,10000000
181,19811,0x71FFFA78feabF54B1C550bf5fE53D290485a604d,0
182,12192,0x15462d01Fad3833d72AFEc3d9B063F78A7Cf87E0,1000000000
183,10531,0x822c0aedcC6AEfF605bc266bF65B4735F7a54fa6,1000000000
184,4256,0x15462d01Fad3833d72AFEc3d9B063F78A7Cf87E0,1000000000
185,18449,0x71FFFA78feabF54B1C550bf5fE53D290485a604d,0
186,19214,0x71FFFA78feabF54B1C550bf5fE53D290485a604d,0
187,18448,0x71FFFA78feabF54B1C550bf5fE53D290485a604d,0
188,18447,0x71FFFA78feabF54B1C550bf5fE53D290485a604d,0
189,18596,0x71FFFA78feabF54B1C550bf5fE53D290485a604d,0
190,20117,0x71FFFA78feabF54B1C550bf5fE53D290485a604d,0
191,10380,0x22F7695c2aDE6c1b62480d1A56b09e7B39FD481a,10000000000
192,20122,0x71FFFA78feabF54B1C550bf5fE53D290485a604d,0
193,10530,0x822c0aedcC6AEfF605bc266bF65B4735F7a54fa6,1000000000
194,10680,0x822c0aedcC6AEfF605bc266bF65B4735F7a54fa6,1000000000
195,10532,0x15462d01Fad3833d72AFEc3d9B063F78A7Cf87E0,1000000000
196,10684,0x15462d01Fad3833d72AFEc3d9B063F78A7Cf87E0,1000000000
197,10831,0x822c0aedcC6AEfF605bc266bF65B4735F7a54fa6,1000000000
198,10835,0x15462d01Fad3833d72AFEc3d9B063F78A7Cf87E0,1000000000
199,10981,0x822c0aedcC6AEfF605bc266bF65B4735F7a54fa6,1000000000
200,11131,0x822c0aedcC6AEfF605bc266bF65B4735F7a54fa6,1000000000
201,11282,0x822c0aedcC6AEfF605bc266bF65B4735F7a54fa6,1000000000
202,10987,0x15462d01Fad3833d72AFEc3d9B063F78A7Cf87E0,1000000000
203,11139,0x15462d01Fad3833d72AFEc3d9B063F78A7Cf87E0,1000000000
204,11290,0x15462d01Fad3833d72AFEc3d9B063F78A7Cf87E0,1000000000
205,20274,0x71FFFA78feabF54B1C550bf5fE53D290485a604d,0
206,20419,0x71FFFA78feabF54B1C550bf5fE53D290485a604d,100000000
207,19962,0x71FFFA78feabF54B1C550bf5fE53D290485a604d,0
208,19060,0x71FFFA78feabF54B1C550bf5fE53D290485a604d,100000000
209,19057,0x71FFFA78feabF54B1C550bf5fE53D290485a604d,0
210,19222,0x71FFFA78feabF54B1C550bf5fE53D290485a604d,100000000
211,18903,0x71FFFA78feabF54B1C550bf5fE53D290485a604d,10000000
212,19053,0x71FFFA78feabF54B1C550bf5fE53D290485a604d,10000000
213,19355,0x71FFFA78feabF54B1C550bf5fE53D290485a604d,10000000
214,12148,0x94493EBF7B2126563A5384CdAE172D4D5bAD6448,100000000000
215,20112,0x71FFFA78feabF54B1C550bf5fE53D290485a604d,10000000
216,20263,0x71FFFA78feabF54B1C550bf5fE53D290485a604d,10000000
217,20415,0x71FFFA78feabF54B1C550bf5fE53D290485a604d,10000000
218,20267,0x71FFFA78feabF54B1C550bf5fE53D290485a604d,10000000
219,19056,0x71FFFA78feabF54B1C550bf5fE53D290485a604d,10000000
220,12149,0x94493EBF7B2126563A5384CdAE172D4D5bAD6448,100000000000
221,3704,0x4340ac786edF408a0C8e9a2505727CDe8C17AC51,1000000000
222,12150,0x94493EBF7B2126563A5384CdAE172D4D5bAD6448,100000000000
223,19371,0x71FFFA78feabF54B1C550bf5fE53D290485a604d,10000000
224,12299,0x94493EBF7B2126563A5384CdAE172D4D5bAD6448,100000000000
225,19359,0x71FFFA78feabF54B1C550bf5fE53D290485a604d,10000000
226,19514,0x71FFFA78feabF54B1C550bf5fE53D290485a604d,10000000
227,12450,0x94493EBF7B2126563A5384CdAE172D4D5bAD6448,100000000000
228,19661,0x71FFFA78feabF54B1C550bf5fE53D290485a604d,10000000
229,19210,0x71FFFA78feabF54B1C550bf5fE53D290485a604d,10000000
230,12601,0x94493EBF7B2126563A5384CdAE172D4D5bAD6448,100000000000
231,19206,0x71FFFA78feabF54B1C550bf5fE53D290485a604d,10000000
232,3855,0x4340ac786edF408a0C8e9a2505727CDe8C17AC51,1000000000
233,12752,0x94493EBF7B2126563A5384CdAE172D4D5bAD6448,100000000000
234,4006,0x4340ac786edF408a0C8e9a2505727CDe8C17AC51,1000000000
235,19513,0x71FFFA78feabF54B1C550bf5fE53D290485a604d,10000000
236,19219,0x71FFFA78feabF54B1C550bf5fE53D290485a604d,10000000
237,12451,0x94493EBF7B2126563A5384CdAE172D4D5bAD6448,100000000000
238,12153,0x94493EBF7B2126563A5384CdAE172D4D5bAD6448,1000000000
239,11247,0x4340ac786edF408a0C8e9a2505727CDe8C17AC51,100000000000
240,12151,0x94493EBF7B2126563A5384CdAE172D4D5bAD6448,1000000000
241,12453,0x94493EBF7B2126563A5384CdAE172D4D5bAD6448,1000000000
242,11096,0x4340ac786edF408a0C8e9a2505727CDe8C17AC51,100000000000
243,11097,0x4340ac786edF408a0C8e9a2505727CDe8C17AC51,100000000000
244,11098,0x4340ac786edF408a0C8e9a2505727CDe8C17AC51,100000000000
245,11701,0x94493EBF7B2126563A5384CdAE172D4D5bAD6448,10000000000
246,11099,0x4340ac786edF408a0C8e9a2505727CDe8C17AC51,100000000000
247,11100,0x4340ac786edF408a0C8e9a2505727CDe8C17AC51,100000000000
248,11703,0x94493EBF7B2126563A5384CdAE172D4D5bAD6448,100000000000
249,11251,0x4340ac786edF408a0C8e9a2505727CDe8C17AC51,100000000000
250,11402,0x4340ac786edF408a0C8e9a2505727CDe8C17AC51,100000000000
251,11704,0x94493EBF7B2126563A5384CdAE172D4D5bAD6448,100000000000
252,11553,0x4340ac786edF408a0C8e9a2505727CDe8C17AC51,100000000000
253,11700,0x22F7695c2aDE6c1b62480d1A56b09e7B39FD481a,98000000000
254,10949,0x71FFFA78feabF54B1C550bf5fE53D290485a604d,5000000000
255,11702,0xAE28c856345a07c83be2e5074955C0be5FEb2Be8,10000000000
256,11549,0x71FFFA78feabF54B1C550bf5fE53D290485a604d,3000000000
257,11398,0x94493EBF7B2126563A5384CdAE172D4D5bAD6448,10000000000
258,11548,0x94493EBF7B2126563A5384CdAE172D4D5bAD6448,50000000000
259,11246,0x4340ac786edF408a0C8e9a2505727CDe8C17AC51,100000000000
260,11095,0x4340ac786edF408a0C8e9a2505727CDe8C17AC51,100000000000
261,10944,0x94493EBF7B2126563A5384CdAE172D4D5bAD6448,10000000000
262,10945,0x4340ac786edF408a0C8e9a2505727CDe8C17AC51,100000000000
263,10948,0x4340ac786edF408a0C8e9a2505727CDe8C17AC51,100000000000
264,11403,0x4340ac786edF408a0C8e9a2505727CDe8C17AC51,100000000000
265,11397,0x4340ac786edF408a0C8e9a2505727CDe8C17AC51,100000000000
266,10947,0x4340ac786edF408a0C8e9a2505727CDe8C17AC51,100000000000
267,11853,0x4340ac786edF408a0C8e9a2505727CDe8C17AC51,100000000000
268,11850,0x4340ac786edF408a0C8e9a2505727CDe8C17AC51,100000000000
269,11855,0x4340ac786edF408a0C8e9a2505727CDe8C17AC51,100000000000
270,11404,0x4340ac786edF408a0C8e9a2505727CDe8C17AC51,100000000000
271,22655,0x71FFFA78feabF54B1C550bf5fE53D290485a604d,10000000
272,11396,0x4340ac786edF408a0C8e9a2505727CDe8C17AC51,100000000000
273,22503,0x71FFFA78feabF54B1C550bf5fE53D290485a604d,10000000
274,22351,0x71FFFA78feabF54B1C550bf5fE53D290485a604d,10000000
275,22199,0x71FFFA78feabF54B1C550bf5fE53D290485a604d,10000000
276,22047,0x71FFFA78feabF54B1C550bf5fE53D290485a604d,10000000
277,22046,0x71FFFA78feabF54B1C550bf5fE53D290485a604d,10000000
278,10799,0x4340ac786edF408a0C8e9a2505727CDe8C17AC51,100000000000
279,21895,0x71FFFA78feabF54B1C550bf5fE53D290485a604d,10000000
280,10950,0x4340ac786edF408a0C8e9a2505727CDe8C17AC51,100000000000
281,22656,0x71FFFA78feabF54B1C550bf5fE53D290485a604d,1000000
282,22504,0x71FFFA78feabF54B1C550bf5fE53D290485a604d,10000000
283,22352,0x71FFFA78feabF54B1C550bf5fE53D290485a604d,10000000
284,22200,0x71FFFA78feabF54B1C550bf5fE53D290485a604d,10000000
285,22048,0x71FFFA78feabF54B1C550bf5fE53D290485a604d,10000000
286,21896,0x71FFFA78feabF54B1C550bf5fE53D290485a604d,10000000
287,12304,0x94493EBF7B2126563A5384CdAE172D4D5bAD6448,1000000000
288,21744,0x71FFFA78feabF54B1C550bf5fE53D290485a604d,10000000
289,11432,0x822c0aedcC6AEfF605bc266bF65B4735F7a54fa6,1000000000
290,12606,0x94493EBF7B2126563A5384CdAE172D4D5bAD6448,1000000000
291,12757,0x94493EBF7B2126563A5384CdAE172D4D5bAD6448,1000000000
292,11582,0x822c0aedcC6AEfF605bc266bF65B4735F7a54fa6,1000000000
293,11442,0x15462d01Fad3833d72AFEc3d9B063F78A7Cf87E0,1000000000
294,12455,0x94493EBF7B2126563A5384CdAE172D4D5bAD6448,1000000000
295,11733,0x822c0aedcC6AEfF605bc266bF65B4735F7a54fa6,1000000000
296,12154,0x94493EBF7B2126563A5384CdAE172D4D5bAD6448,1000000000
297,11883,0x822c0aedcC6AEfF605bc266bF65B4735F7a54fa6,1000000000
298,12456,0x94493EBF7B2126563A5384CdAE172D4D5bAD6448,1000000000
299,12758,0x94493EBF7B2126563A5384CdAE172D4D5bAD6448,1000000000
300,12035,0x822c0aedcC6AEfF605bc266bF65B4735F7a54fa6,1000000000
301,11475,0x71FFFA78feabF54B1C550bf5fE53D290485a604d,4000000000
302,12036,0x822c0aedcC6AEfF605bc266bF65B4735F7a54fa6,1000000000
303,12759,0x94493EBF7B2126563A5384CdAE172D4D5bAD6448,1000000000
304,11886,0x822c0aedcC6AEfF605bc266bF65B4735F7a54fa6,1000000000
305,11887,0x822c0aedcC6AEfF605bc266bF65B4735F7a54fa6,1000000000
306,11737,0x822c0aedcC6AEfF605bc266bF65B4735F7a54fa6,1000000000
307,11738,0x822c0aedcC6AEfF605bc266bF65B4735F7a54fa6,1000000000
308,12186,0x822c0aedcC6AEfF605bc266bF65B4735F7a54fa6,1000000000
309,12034,0x822c0aedcC6AEfF605bc266bF65B4735F7a54fa6,1000000000
310,12338,0x822c0aedcC6AEfF605bc266bF65B4735F7a54fa6,1000000000
311,12004,0x4340ac786edF408a0C8e9a2505727CDe8C17AC51,100000000000
312,12155,0x4340ac786edF408a0C8e9a2505727CDe8C17AC51,100000000000
313,11705,0x4340ac786edF408a0C8e9a2505727CDe8C17AC51,100000000000
314,12339,0x822c0aedcC6AEfF605bc266bF65B4735F7a54fa6,1000000000
315,11406,0x4340ac786edF408a0C8e9a2505727CDe8C17AC51,100000000000
316,12491,0x822c0aedcC6AEfF605bc266bF65B4735F7a54fa6,1000000000
317,11395,0x4340ac786edF408a0C8e9a2505727CDe8C17AC51,100000000000
318,11394,0x4340ac786edF408a0C8e9a2505727CDe8C17AC51,100000000000
319,10796,0x4340ac786edF408a0C8e9a2505727CDe8C17AC51,100000000000
320,12492,0x822c0aedcC6AEfF605bc266bF65B4735F7a54fa6,1000000000
321,10645,0x4340ac786edF408a0C8e9a2505727CDe8C17AC51,100000000000
322,12644,0x822c0aedcC6AEfF605bc266bF65B4735F7a54fa6,1000000000
323,10800,0x4340ac786edF408a0C8e9a2505727CDe8C17AC51,100000000000
324,11407,0x4340ac786edF408a0C8e9a2505727CDe8C17AC51,100000000000
325,11393,0x4340ac786edF408a0C8e9a2505727CDe8C17AC51,100000000000
326,12457,0x4340ac786edF408a0C8e9a2505727CDe8C17AC51,100000000000
327,12488,0x822c0aedcC6AEfF605bc266bF65B4735F7a54fa6,1000000000
328,11594,0x15462d01Fad3833d72AFEc3d9B063F78A7Cf87E0,1000000000
329,12306,0x4340ac786edF408a0C8e9a2505727CDe8C17AC51,100000000000
330,11745,0x15462d01Fad3833d72AFEc3d9B063F78A7Cf87E0,1000000000
331,11852,0x4340ac786edF408a0C8e9a2505727CDe8C17AC51,100000000000
332,12643,0x822c0aedcC6AEfF605bc266bF65B4735F7a54fa6,100000000
333,11854,0x4340ac786edF408a0C8e9a2505727CDe8C17AC51,100000000000
334,11897,0x15462d01Fad3833d72AFEc3d9B063F78A7Cf87E0,1000000000
335,11554,0x4340ac786edF408a0C8e9a2505727CDe8C17AC51,100000000000
336,12048,0x15462d01Fad3833d72AFEc3d9B063F78A7Cf87E0,1000000000
337,11101,0x4340ac786edF408a0C8e9a2505727CDe8C17AC51,100000000000
338,11740,0x15462d01Fad3833d72AFEc3d9B063F78A7Cf87E0,1000000000
339,11252,0x4340ac786edF408a0C8e9a2505727CDe8C17AC51,100000000000
340,11741,0x15462d01Fad3833d72AFEc3d9B063F78A7Cf87E0,1000000000
341,11555,0x4340ac786edF408a0C8e9a2505727CDe8C17AC51,100000000000
342,11893,0x15462d01Fad3833d72AFEc3d9B063F78A7Cf87E0,1000000000
343,11706,0x4340ac786edF408a0C8e9a2505727CDe8C17AC51,100000000000
344,11851,0x4340ac786edF408a0C8e9a2505727CDe8C17AC51,100000000000
345,11894,0x15462d01Fad3833d72AFEc3d9B063F78A7Cf87E0,1000000000
346,10946,0x4340ac786edF408a0C8e9a2505727CDe8C17AC51,100000000000
347,11699,0x4340ac786edF408a0C8e9a2505727CDe8C17AC51,100000000000
348,12047,0x71FFFA78feabF54B1C550bf5fE53D290485a604d,10000000
349,11856,0x4340ac786edF408a0C8e9a2505727CDe8C17AC51,100000000000
350,12046,0x15462d01Fad3833d72AFEc3d9B063F78A7Cf87E0,1000000000
351,12343,0x4340ac786edF408a0C8e9a2505727CDe8C17AC51,100000000000
352,12490,0x4340ac786edF408a0C8e9a2505727CDe8C17AC51,10000000000
353,12198,0x15462d01Fad3833d72AFEc3d9B063F78A7Cf87E0,1000000000
354,4157,0x4340ac786edF408a0C8e9a2505727CDe8C17AC51,1000000000
355,4308,0x4340ac786edF408a0C8e9a2505727CDe8C17AC51,1000000000
356,12348,0x15462d01Fad3833d72AFEc3d9B063F78A7Cf87E0,1000000000
357,4459,0x4340ac786edF408a0C8e9a2505727CDe8C17AC51,1000000000
358,12640,0x822c0aedcC6AEfF605bc266bF65B4735F7a54fa6,1000000000
359,12347,0x15462d01Fad3833d72AFEc3d9B063F78A7Cf87E0,1000000000
360,10794,0x4340ac786edF408a0C8e9a2505727CDe8C17AC51,100000000000
361,11102,0x4340ac786edF408a0C8e9a2505727CDe8C17AC51,100000000000
362,12497,0x15462d01Fad3833d72AFEc3d9B063F78A7Cf87E0,1000000000
363,11405,0x4340ac786edF408a0C8e9a2505727CDe8C17AC51,100000000000
364,12496,0x15462d01Fad3833d72AFEc3d9B063F78A7Cf87E0,1000000000
365,12647,0x15462d01Fad3833d72AFEc3d9B063F78A7Cf87E0,1000000000
366,12646,0x15462d01Fad3833d72AFEc3d9B063F78A7Cf87E0,1000000000
367,12494,0x15462d01Fad3833d72AFEc3d9B063F78A7Cf87E0,1000000000
368,12645,0x22F7695c2aDE6c1b62480d1A56b09e7B39FD481a,95000000000
369,12500,0x4340ac786edF408a0C8e9a2505727CDe8C17AC51,100000000000
370,12650,0x4340ac786edF408a0C8e9a2505727CDe8C17AC51,30000000000
371,13098,0x4340ac786edF408a0C8e9a2505727CDe8C17AC51,100000000000
372,12793,0x822c0aedcC6AEfF605bc266bF65B4735F7a54fa6,1000000000
373,10795,0x4340ac786edF408a0C8e9a2505727CDe8C17AC51,100000000000
374,10797,0x4340ac786edF408a0C8e9a2505727CDe8C17AC51,100000000000
375,11245,0x4340ac786edF408a0C8e9a2505727CDe8C17AC51,100000000000
376,11253,0x4340ac786edF408a0C8e9a2505727CDe8C17AC51,100000000000
377,11244,0x4340ac786edF408a0C8e9a2505727CDe8C17AC51,100000000000
378,12792,0x822c0aedcC6AEfF605bc266bF65B4735F7a54fa6,1000000000
379,10500,0x4340ac786edF408a0C8e9a2505727CDe8C17AC51,100000000000
380,4007,0x4340ac786edF408a0C8e9a2505727CDe8C17AC51,1000000000
381,12945,0x822c0aedcC6AEfF605bc266bF65B4735F7a54fa6,1000000000
382,4008,0x4340ac786edF408a0C8e9a2505727CDe8C17AC51,1000000000
383,12946,0x822c0aedcC6AEfF605bc266bF65B4735F7a54fa6,1000000000
384,4009,0x4340ac786edF408a0C8e9a2505727CDe8C17AC51,1000000000
385,12638,0x822c0aedcC6AEfF605bc266bF65B4735F7a54fa6,1000000000
386,3858,0x4340ac786edF408a0C8e9a2505727CDe8C17AC51,1000000000
387,3707,0x4340ac786edF408a0C8e9a2505727CDe8C17AC51,1000000000
388,4160,0x4340ac786edF408a0C8e9a2505727CDe8C17AC51,1000000000
389,4311,0x4340ac786edF408a0C8e9a2505727CDe8C17AC51,1000000000
390,4162,0x4340ac786edF408a0C8e9a2505727CDe8C17AC51,1000000000
391,4011,0x4340ac786edF408a0C8e9a2505727CDe8C17AC51,1000000000
392,4012,0x4340ac786edF408a0C8e9a2505727CDe8C17AC51,1000000000
393,4013,0x4340ac786edF408a0C8e9a2505727CDe8C17AC51,1000000000
394,12789,0x4340ac786edF408a0C8e9a2505727CDe8C17AC51,100000000000
395,4014,0x4340ac786edF408a0C8e9a2505727CDe8C17AC51,1000000000
396,4165,0x4340ac786edF408a0C8e9a2505727CDe8C17AC51,1000000000
397,4316,0x4340ac786edF408a0C8e9a2505727CDe8C17AC51,1000000000
398,4742,0x71FFFA78feabF54B1C550bf5fE53D290485a604d,10000000
399,12312,0x4340ac786edF408a0C8e9a2505727CDe8C17AC51,100000000000
400,5039,0x71FFFA78feabF54B1C550bf5fE53D290485a604d,10000000
401,4016,0x4340ac786edF408a0C8e9a2505727CDe8C17AC51,1000000000
402,12790,0x4340ac786edF408a0C8e9a2505727CDe8C17AC51,10000000000
403,4167,0x4340ac786edF408a0C8e9a2505727CDe8C17AC51,1000000000
404,5349,0x71FFFA78feabF54B1C550bf5fE53D290485a604d,10000000
405,4318,0x4340ac786edF408a0C8e9a2505727CDe8C17AC51,1000000000
406,4017,0x4340ac786edF408a0C8e9a2505727CDe8C17AC51,1000000000
407,19216,0x71FFFA78feabF54B1C550bf5fE53D290485a604d,100000000
408,5343,0x71FFFA78feabF54B1C550bf5fE53D290485a604d,10000000
409,5497,0x71FFFA78feabF54B1C550bf5fE53D290485a604d,10000
410,5040,0x71FFFA78feabF54B1C550bf5fE53D290485a604d,10000
411,5049,0x71FFFA78feabF54B1C550bf5fE53D290485a604d,1000
412,4019,0x4340ac786edF408a0C8e9a2505727CDe8C17AC51,1000000000
413,4020,0x4340ac786edF408a0C8e9a2505727CDe8C17AC51,100000000
414,4022,0x4340ac786edF408a0C8e9a2505727CDe8C17AC51,100000000
415,4173,0x4340ac786edF408a0C8e9a2505727CDe8C17AC51,1000000000
416,4324,0x4340ac786edF408a0C8e9a2505727CDe8C17AC51,1000000000
417,4325,0x4340ac786edF408a0C8e9a2505727CDe8C17AC51,1000000000
418,8996,0x22F7695c2aDE6c1b62480d1A56b09e7B39FD481a,100000000000
419,4326,0x4340ac786edF408a0C8e9a2505727CDe8C17AC51,1000000000
420,4477,0x4340ac786edF408a0C8e9a2505727CDe8C17AC51,1000000000
421,4628,0x4340ac786edF408a0C8e9a2505727CDe8C17AC51,1000000000
422,18908,0x71FFFA78feabF54B1C550bf5fE53D290485a604d,100000
423,8997,0xcf39F7d6D33662B370C1B0c4c1B5392d776aaD96,100000000
424,4779,0x4340ac786edF408a0C8e9a2505727CDe8C17AC51,1000000000
425,8845,0xcf39F7d6D33662B370C1B0c4c1B5392d776aaD96,100000000
426,8846,0xcf39F7d6D33662B370C1B0c4c1B5392d776aaD96,100000000
427,8392,0xcf39F7d6D33662B370C1B0c4c1B5392d776aaD96,100000000
428,18919,0x71FFFA78feabF54B1C550bf5fE53D290485a604d,100000000
429,18914,0x71FFFA78feabF54B1C550bf5fE53D290485a604d,100000000
430,9000,0xcf39F7d6D33662B370C1B0c4c1B5392d776aaD96,100000000
431,19207,0x71FFFA78feabF54B1C550bf5fE53D290485a604d,100000000
432,8393,0xcf39F7d6D33662B370C1B0c4c1B5392d776aaD96,100000000
433,8241,0xcf39F7d6D33662B370C1B0c4c1B5392d776aaD96,100000000
434,8242,0xcf39F7d6D33662B370C1B0c4c1B5392d776aaD96,100000000
435,19072,0x71FFFA78feabF54B1C550bf5fE53D290485a604d,100000000
436,8849,0xcf39F7d6D33662B370C1B0c4c1B5392d776aaD96,100000000
437,9001,0xcf39F7d6D33662B370C1B0c4c1B5392d776aaD96,100000000
438,8394,0xcf39F7d6D33662B370C1B0c4c1B5392d776aaD96,100000000
439,8395,0xcf39F7d6D33662B370C1B0c4c1B5392d776aaD96,100000000
440,8396,0xcf39F7d6D33662B370C1B0c4c1B5392d776aaD96,100000000
441,5648,0x71FFFA78feabF54B1C550bf5fE53D290485a604d,0
442,8547,0xcf39F7d6D33662B370C1B0c4c1B5392d776aaD96,100000000
443,8698,0xcf39F7d6D33662B370C1B0c4c1B5392d776aaD96,100000000
444,8850,0xcf39F7d6D33662B370C1B0c4c1B5392d776aaD96,100000000
445,8699,0xcf39F7d6D33662B370C1B0c4c1B5392d776aaD96,100000000
446,8548,0xcf39F7d6D33662B370C1B0c4c1B5392d776aaD96,100000000
447,8397,0xcf39F7d6D33662B370C1B0c4c1B5392d776aaD96,100000000
448,8246,0x22F7695c2aDE6c1b62480d1A56b09e7B39FD481a,120000000000
449,8245,0xcf39F7d6D33662B370C1B0c4c1B5392d776aaD96,100000000
450,8244,0xcf39F7d6D33662B370C1B0c4c1B5392d776aaD96,100000000
451,8243,0xcf39F7d6D33662B370C1B0c4c1B5392d776aaD96,100000000
452,12942,0x822c0aedcC6AEfF605bc266bF65B4735F7a54fa6,1000000000
453,13093,0x822c0aedcC6AEfF605bc266bF65B4735F7a54fa6,1000000000
454,13245,0x822c0aedcC6AEfF605bc266bF65B4735F7a54fa6,1000000000
455,13397,0x822c0aedcC6AEfF605bc266bF65B4735F7a54fa6,1000000000
456,13249,0x822c0aedcC6AEfF605bc266bF65B4735F7a54fa6,1000000000
457,13548,0x822c0aedcC6AEfF605bc266bF65B4735F7a54fa6,1000000000
458,13700,0x822c0aedcC6AEfF605bc266bF65B4735F7a54fa6,1000000000
459,13852,0x822c0aedcC6AEfF605bc266bF65B4735F7a54fa6,1000000000
460,14004,0x22F7695c2aDE6c1b62480d1A56b09e7B39FD481a,55000000000
461,13853,0x822c0aedcC6AEfF605bc266bF65B4735F7a54fa6,1000000000
462,13702,0x822c0aedcC6AEfF605bc266bF65B4735F7a54fa6,1000000000
463,13400,0x822c0aedcC6AEfF605bc266bF65B4735F7a54fa6,1000000000
464,13551,0x822c0aedcC6AEfF605bc266bF65B4735F7a54fa6,1000000000
465,12796,0x822c0aedcC6AEfF605bc266bF65B4735F7a54fa6,1000000000
466,13097,0x822c0aedcC6AEfF605bc266bF65B4735F7a54fa6,1000000000
467,13099,0x822c0aedcC6AEfF605bc266bF65B4735F7a54fa6,1000000000
468,13854,0x15462d01Fad3833d72AFEc3d9B063F78A7Cf87E0,1000000000
469,12949,0x822c0aedcC6AEfF605bc266bF65B4735F7a54fa6,1000000000
470,13704,0x15462d01Fad3833d72AFEc3d9B063F78A7Cf87E0,1000000000
471,13554,0x15462d01Fad3833d72AFEc3d9B063F78A7Cf87E0,1000000000
472,13403,0x15462d01Fad3833d72AFEc3d9B063F78A7Cf87E0,1000000000
473,13253,0x15462d01Fad3833d72AFEc3d9B063F78A7Cf87E0,1000000000
474,12799,0x822c0aedcC6AEfF605bc266bF65B4735F7a54fa6,1000000000
475,13103,0x15462d01Fad3833d72AFEc3d9B063F78A7Cf87E0,1000000000
476,12800,0x822c0aedcC6AEfF605bc266bF65B4735F7a54fa6,1000000000
477,12952,0x15462d01Fad3833d72AFEc3d9B063F78A7Cf87E0,1000000000
478,12802,0x15462d01Fad3833d72AFEc3d9B063F78A7Cf87E0,1000000000
479,12652,0x822c0aedcC6AEfF605bc266bF65B4735F7a54fa6,1000000000
480,12801,0x822c0aedcC6AEfF605bc266bF65B4735F7a54fa6,1000000000
481,9553,0x0ac0240f4656dc80684d0df1208Bb91c0220725D,100000000
482,9556,0x0ac0240f4656dc80684d0df1208Bb91c0220725D,100000000
483,9705,0x0ac0240f4656dc80684d0df1208Bb91c0220725D,100000000
484,9706,0x0ac0240f4656dc80684d0df1208Bb91c0220725D,100000000
485,9099,0x0ac0240f4656dc80684d0df1208Bb91c0220725D,100000000
486,9104,0x0ac0240f4656dc80684d0df1208Bb91c0220725D,100000000
487,9401,0x0ac0240f4656dc80684d0df1208Bb91c0220725D,10000000
488,9406,0x0ac0240f4656dc80684d0df1208Bb91c0220725D,10000000
489,9250,0x0ac0240f4656dc80684d0df1208Bb91c0220725D,10000000
490,9255,0x0ac0240f4656dc80684d0df1208Bb91c0220725D,10000000
491,9100,0x0ac0240f4656dc80684d0df1208Bb91c0220725D,10000000
492,9103,0x0ac0240f4656dc80684d0df1208Bb91c0220725D,10000000
493,9252,0x0ac0240f4656dc80684d0df1208Bb91c0220725D,1000000
494,9253,0x0ac0240f4656dc80684d0df1208Bb91c0220725D,1000000
495,9254,0x0ac0240f4656dc80684d0df1208Bb91c0220725D,1000000
496,9251,0x0ac0240f4656dc80684d0df1208Bb91c0220725D,100000
497,9402,0x0ac0240f4656dc80684d0df1208Bb91c0220725D,100000
498,9405,0x22F7695c2aDE6c1b62480d1A56b09e7B39FD481a,25000000000
499,9403,0x0ac0240f4656dc80684d0df1208Bb91c0220725D,1000000
500,9404,0x0ac0240f4656dc80684d0df1208Bb91c0220725D,1000000
501,9554,0x0ac0240f4656dc80684d0df1208Bb91c0220725D,100000
502,9555,0x0ac0240f4656dc80684d0df1208Bb91c0220725D,1000000
503,9101,0x0ac0240f4656dc80684d0df1208Bb91c0220725D,1000000
504,8949,0x0ac0240f4656dc80684d0df1208Bb91c0220725D,1000000
505,8948,0x0ac0240f4656dc80684d0df1208Bb91c0220725D,1000000000
506,9098,0x0ac0240f4656dc80684d0df1208Bb91c0220725D,1000000
507,9249,0x0ac0240f4656dc80684d0df1208Bb91c0220725D,100000000
508,9102,0x0ac0240f4656dc80684d0df1208Bb91c0220725D,100000000
509,8952,0x0ac0240f4656dc80684d0df1208Bb91c0220725D,100000000
510,8953,0x0ac0240f4656dc80684d0df1208Bb91c0220725D,100000000
511,9105,0x0ac0240f4656dc80684d0df1208Bb91c0220725D,100000000
512,9256,0x0ac0240f4656dc80684d0df1208Bb91c0220725D,100000000
513,9400,0x0ac0240f4656dc80684d0df1208Bb91c0220725D,100000000
514,9552,0x0ac0240f4656dc80684d0df1208Bb91c0220725D,100000000
515,9704,0x0ac0240f4656dc80684d0df1208Bb91c0220725D,100000000
516,9856,0x0ac0240f4656dc80684d0df1208Bb91c0220725D,100000000
517,9857,0x0ac0240f4656dc80684d0df1208Bb91c0220725D,100000000
518,9707,0x0ac0240f4656dc80684d0df1208Bb91c0220725D,100000000
519,9557,0x0ac0240f4656dc80684d0df1208Bb91c0220725D,100000000
520,9407,0x0ac0240f4656dc80684d0df1208Bb91c0220725D,100000000
521,4175,0x4340ac786edF408a0C8e9a2505727CDe8C17AC51,1000000000
522,4170,0x4340ac786edF408a0C8e9a2505727CDe8C17AC51,1000000000
523,4321,0x4340ac786edF408a0C8e9a2505727CDe8C17AC51,1000000000
524,4164,0x4340ac786edF408a0C8e9a2505727CDe8C17AC51,1000000000
525,4313,0x4340ac786edF408a0C8e9a2505727CDe8C17AC51,1000000000
526,4315,0x22F7695c2aDE6c1b62480d1A56b09e7B39FD481a,8000000000
527,4163,0x22F7695c2aDE6c1b62480d1A56b09e7B39FD481a,8000000000
528,4314,0x4340ac786edF408a0C8e9a2505727CDe8C17AC51,1000000000
529,4024,0x22F7695c2aDE6c1b62480d1A56b09e7B39FD481a,4000000000
530,4023,0x4340ac786edF408a0C8e9a2505727CDe8C17AC51,1000000000
531,2088,0x4340ac786edF408a0C8e9a2505727CDe8C17AC51,1000000000
532,2238,0x4340ac786edF408a0C8e9a2505727CDe8C17AC51,1000000000
533,2240,0x4340ac786edF408a0C8e9a2505727CDe8C17AC51,1000000000
534,2388,0x4340ac786edF408a0C8e9a2505727CDe8C17AC51,1000000000
535,2392,0x4340ac786edF408a0C8e9a2505727CDe8C17AC51,1000000000
536,2538,0x4340ac786edF408a0C8e9a2505727CDe8C17AC51,1000000000
537,2544,0x4340ac786edF408a0C8e9a2505727CDe8C17AC51,1000000000
538,2688,0x4340ac786edF408a0C8e9a2505727CDe8C17AC51,1000000000
539,2696,0x4340ac786edF408a0C8e9a2505727CDe8C17AC51,1000000000
540,3138,0x4340ac786edF408a0C8e9a2505727CDe8C17AC51,1000000000
541,3152,0x4340ac786edF408a0C8e9a2505727CDe8C17AC51,1000000000
542,3288,0x4340ac786edF408a0C8e9a2505727CDe8C17AC51,1000000000
543,3304,0x4340ac786edF408a0C8e9a2505727CDe8C17AC51,1000000000
544,2536,0x4340ac786edF408a0C8e9a2505727CDe8C17AC51,1000000000
545,1936,0x4340ac786edF408a0C8e9a2505727CDe8C17AC51,1000000000
546,1786,0x4340ac786edF408a0C8e9a2505727CDe8C17AC51,1000000000
547,1938,0x4340ac786edF408a0C8e9a2505727CDe8C17AC51,1000000000
548,2546,0x4340ac786edF408a0C8e9a2505727CDe8C17AC51,1000000000
549,3002,0x4340ac786edF408a0C8e9a2505727CDe8C17AC51,1000000000
550,2986,0x4340ac786edF408a0C8e9a2505727CDe8C17AC51,1000000000
551,2086,0x4340ac786edF408a0C8e9a2505727CDe8C17AC51,1000000000
552,2090,0x4340ac786edF408a0C8e9a2505727CDe8C17AC51,1000000000
553,2242,0x4340ac786edF408a0C8e9a2505727CDe8C17AC51,1000000000
554,2394,0x4340ac786edF408a0C8e9a2505727CDe8C17AC51,1000000000
555,2386,0x4340ac786edF408a0C8e9a2505727CDe8C17AC51,1000000000
556,2236,0x4340ac786edF408a0C8e9a2505727CDe8C17AC51,1000000000
557,3136,0x22F7695c2aDE6c1b62480d1A56b09e7B39FD481a,12000000000
558,3154,0x22F7695c2aDE6c1b62480d1A56b09e7B39FD481a,85000000000
559,3145,0x22F7695c2aDE6c1b62480d1A56b09e7B39FD481a,145000000000
560,2994,0x4340ac786edF408a0C8e9a2505727CDe8C17AC51,1000000000
561,3144,0x4340ac786edF408a0C8e9a2505727CDe8C17AC51,1000000000
562,3146,0x4340ac786edF408a0C8e9a2505727CDe8C17AC51,1000000000
563,3296,0x4340ac786edF408a0C8e9a2505727CDe8C17AC51,1000000000
564,3744,0x4340ac786edF408a0C8e9a2505727CDe8C17AC51,1000000000
565,3602,0x4340ac786edF408a0C8e9a2505727CDe8C17AC51,1000000000
566,3594,0x4340ac786edF408a0C8e9a2505727CDe8C17AC51,1000000000
567,3754,0x4340ac786edF408a0C8e9a2505727CDe8C17AC51,1000000000
568,3752,0x4340ac786edF408a0C8e9a2505727CDe8C17AC51,1000000000
569,3902,0x4340ac786edF408a0C8e9a2505727CDe8C17AC51,1000000000
570,4052,0x4340ac786edF408a0C8e9a2505727CDe8C17AC51,1000000000
571,4202,0x4340ac786edF408a0C8e9a2505727CDe8C17AC51,1000000000
572,3746,0x4340ac786edF408a0C8e9a2505727CDe8C17AC51,1000000000
573,3898,0x4340ac786edF408a0C8e9a2505727CDe8C17AC51,1000000000
574,4050,0x4340ac786edF408a0C8e9a2505727CDe8C17AC51,1000000000
575,4353,0x4340ac786edF408a0C8e9a2505727CDe8C17AC51,1000000000
576,4504,0x4340ac786edF408a0C8e9a2505727CDe8C17AC51,1000000000
577,3896,0x4340ac786edF408a0C8e9a2505727CDe8C17AC51,1000000000
578,4048,0x4340ac786edF408a0C8e9a2505727CDe8C17AC51,1000000000
579,4200,0x4340ac786edF408a0C8e9a2505727CDe8C17AC51,1000000000
580,4352,0x4340ac786edF408a0C8e9a2505727CDe8C17AC51,1000000000
581,3904,0x4340ac786edF408a0C8e9a2505727CDe8C17AC51,1000000000
582,4054,0x4340ac786edF408a0C8e9a2505727CDe8C17AC51,1000000000
583,4204,0x4340ac786edF408a0C8e9a2505727CDe8C17AC51,1000000000
584,4354,0x4340ac786edF408a0C8e9a2505727CDe8C17AC51,1000000000
585,3137,0x4340ac786edF408a0C8e9a2505727CDe8C17AC51,1000000000
586,3153,0x4340ac786edF408a0C8e9a2505727CDe8C17AC51,1000000000
587,1937,0x4340ac786edF408a0C8e9a2505727CDe8C17AC51,1000000000
588,2087,0x4340ac786edF408a0C8e9a2505727CDe8C17AC51,1000000000
589,2237,0x4340ac786edF408a0C8e9a2505727CDe8C17AC51,1000000000
590,2387,0x4340ac786edF408a0C8e9a2505727CDe8C17AC51,1000000000
591,2537,0x4340ac786edF408a0C8e9a2505727CDe8C17AC51,1000000000
592,2089,0x4340ac786edF408a0C8e9a2505727CDe8C17AC51,1000000000
593,2241,0x4340ac786edF408a0C8e9a2505727CDe8C17AC51,1000000000
594,2393,0x4340ac786edF408a0C8e9a2505727CDe8C17AC51,1000000000
595,2545,0x4340ac786edF408a0C8e9a2505727CDe8C17AC51,1000000000
596,2834,0x4340ac786edF408a0C8e9a2505727CDe8C17AC51,1000000000
597,2384,0x4340ac786edF408a0C8e9a2505727CDe8C17AC51,1000000000
598,1634,0x4340ac786edF408a0C8e9a2505727CDe8C17AC51,1000000000
599,2984,0x4340ac786edF408a0C8e9a2505727CDe8C17AC51,1000000000
600,3134,0x4340ac786edF408a0C8e9a2505727CDe8C17AC51,1000000000
601,3286,0x4340ac786edF408a0C8e9a2505727CDe8C17AC51,1000000000
602,3438,0x4340ac786edF408a0C8e9a2505727CDe8C17AC51,1000000000
603,1784,0x4340ac786edF408a0C8e9a2505727CDe8C17AC51,1000000000
604,2234,0x4340ac786edF408a0C8e9a2505727CDe8C17AC51,1000000000
605,1934,0x4340ac786edF408a0C8e9a2505727CDe8C17AC51,1000000000
606,2084,0x4340ac786edF408a0C8e9a2505727CDe8C17AC51,1000000000
607,2985,0x4340ac786edF408a0C8e9a2505727CDe8C17AC51,1000000000
608,3135,0x4340ac786edF408a0C8e9a2505727CDe8C17AC51,1000000000
609,3287,0x4340ac786edF408a0C8e9a2505727CDe8C17AC51,1000000000
610,1785,0x4340ac786edF408a0C8e9a2505727CDe8C17AC51,1000000000
611,1935,0x4340ac786edF408a0C8e9a2505727CDe8C17AC51,1000000000
612,2085,0x4340ac786edF408a0C8e9a2505727CDe8C17AC51,1000000000
613,2235,0x4340ac786edF408a0C8e9a2505727CDe8C17AC51,1000000000
614,2385,0x4340ac786edF408a0C8e9a2505727CDe8C17AC51,1000000000
615,1635,0x4340ac786edF408a0C8e9a2505727CDe8C17AC51,1000000000
616,1484,0x4340ac786edF408a0C8e9a2505727CDe8C17AC51,1000000000
617,2843,0x4340ac786edF408a0C8e9a2505727CDe8C17AC51,1000000000
618,2993,0x4340ac786edF408a0C8e9a2505727CDe8C17AC51,1000000000
619,3143,0x4340ac786edF408a0C8e9a2505727CDe8C17AC51,1000000000
620,3295,0x4340ac786edF408a0C8e9a2505727CDe8C17AC51,1000000000
621,3447,0x4340ac786edF408a0C8e9a2505727CDe8C17AC51,1000000000
622,3297,0x4340ac786edF408a0C8e9a2505727CDe8C17AC51,1000000000
623,3147,0x4340ac786edF408a0C8e9a2505727CDe8C17AC51,1000000000
624,2995,0x4340ac786edF408a0C8e9a2505727CDe8C17AC51,1000000000
625,1636,0x4340ac786edF408a0C8e9a2505727CDe8C17AC51,1000000000
626,1788,0x4340ac786edF408a0C8e9a2505727CDe8C17AC51,1000000000
627,1940,0x4340ac786edF408a0C8e9a2505727CDe8C17AC51,1000000000
628,2092,0x4340ac786edF408a0C8e9a2505727CDe8C17AC51,1000000000
629,2244,0x4340ac786edF408a0C8e9a2505727CDe8C17AC51,1000000000
630,2396,0x4340ac786edF408a0C8e9a2505727CDe8C17AC51,1000000000
631,2852,0x4340ac786edF408a0C8e9a2505727CDe8C17AC51,1000000000
632,3004,0x4340ac786edF408a0C8e9a2505727CDe8C17AC51,1000000000
633,3156,0x4340ac786edF408a0C8e9a2505727CDe8C17AC51,1000000000
634,3456,0x4340ac786edF408a0C8e9a2505727CDe8C17AC51,1000000000
635,3306,0x4340ac786edF408a0C8e9a2505727CDe8C17AC51,1000000000
636,3894,0x4340ac786edF408a0C8e9a2505727CDe8C17AC51,1000000000
637,4046,0x4340ac786edF408a0C8e9a2505727CDe8C17AC51,1000000000
638,4198,0x4340ac786edF408a0C8e9a2505727CDe8C17AC51,1000000000
639,4350,0x4340ac786edF408a0C8e9a2505727CDe8C17AC51,1000000000
640,4502,0x4340ac786edF408a0C8e9a2505727CDe8C17AC51,1000000000
641,4654,0x4340ac786edF408a0C8e9a2505727CDe8C17AC51,1000000000
642,4655,0x4340ac786edF408a0C8e9a2505727CDe8C17AC51,1000000000
643,4806,0x4340ac786edF408a0C8e9a2505727CDe8C17AC51,1000000000
644,4656,0x4340ac786edF408a0C8e9a2505727CDe8C17AC51,1000000000
645,4506,0x4340ac786edF408a0C8e9a2505727CDe8C17AC51,1000000000
646,4356,0x4340ac786edF408a0C8e9a2505727CDe8C17AC51,1000000000
647,8065,0x7FE5cA0fdc2ABc538Ee78091020E34f6501A43b1,200000000
648,4206,0x4340ac786edF408a0C8e9a2505727CDe8C17AC51,1000000000
649,4056,0x4340ac786edF408a0C8e9a2505727CDe8C17AC51,1000000000
650,3906,0x4340ac786edF408a0C8e9a2505727CDe8C17AC51,1000000000
651,1787,0x4340ac786edF408a0C8e9a2505727CDe8C17AC51,1000000000
652,1939,0x4340ac786edF408a0C8e9a2505727CDe8C17AC51,1000000000
653,2091,0x4340ac786edF408a0C8e9a2505727CDe8C17AC51,1000000000
654,2243,0x4340ac786edF408a0C8e9a2505727CDe8C17AC51,1000000000
655,2395,0x4340ac786edF408a0C8e9a2505727CDe8C17AC51,1000000000
656,3003,0x4340ac786edF408a0C8e9a2505727CDe8C17AC51,1000000000
657,3155,0x4340ac786edF408a0C8e9a2505727CDe8C17AC51,1000000000
658,3305,0x4340ac786edF408a0C8e9a2505727CDe8C17AC51,1000000000
659,3753,0x4340ac786edF408a0C8e9a2505727CDe8C17AC51,1000000000
660,3903,0x4340ac786edF408a0C8e9a2505727CDe8C17AC51,1000000000
661,4053,0x4340ac786edF408a0C8e9a2505727CDe8C17AC51,1000000000
662,4203,0x4340ac786edF408a0C8e9a2505727CDe8C17AC51,1000000000
663,4201,0x4340ac786edF408a0C8e9a2505727CDe8C17AC51,1000000000
664,4049,0x4340ac786edF408a0C8e9a2505727CDe8C17AC51,1000000000
665,3897,0x4340ac786edF408a0C8e9a2505727CDe8C17AC51,1000000000
666,3745,0x4340ac786edF408a0C8e9a2505727CDe8C17AC51,1000000000
667,3895,0x4340ac786edF408a0C8e9a2505727CDe8C17AC51,1000000000
668,4047,0x4340ac786edF408a0C8e9a2505727CDe8C17AC51,1000000000
669,4199,0x4340ac786edF408a0C8e9a2505727CDe8C17AC51,1000000000
670,4351,0x4340ac786edF408a0C8e9a2505727CDe8C17AC51,1000000000
671,4503,0x4340ac786edF408a0C8e9a2505727CDe8C17AC51,1000000000
672,4505,0x4340ac786edF408a0C8e9a2505727CDe8C17AC51,1000000000
673,4355,0x4340ac786edF408a0C8e9a2505727CDe8C17AC51,1000000000
674,4205,0x4340ac786edF408a0C8e9a2505727CDe8C17AC51,1000000000
675,4055,0x4340ac786edF408a0C8e9a2505727CDe8C17AC51,1000000000
676,3905,0x4340ac786edF408a0C8e9a2505727CDe8C17AC51,1000000000
677,3663,0x71FFFA78feabF54B1C550bf5fE53D290485a604d,50000000
678,3664,0x71FFFA78feabF54B1C550bf5fE53D290485a604d,50000000
679,3816,0x71FFFA78feabF54B1C550bf5fE53D290485a604d,50000000
680,3661,0x71FFFA78feabF54B1C550bf5fE53D290485a604d,50000000
681,3660,0x71FFFA78feabF54B1C550bf5fE53D290485a604d,50000000
682,3810,0x71FFFA78feabF54B1C550bf5fE53D290485a604d,50000000
683,3511,0x71FFFA78feabF54B1C550bf5fE53D290485a604d,50000000
684,3662,0x71FFFA78feabF54B1C550bf5fE53D290485a604d,50000000
685,3813,0x71FFFA78feabF54B1C550bf5fE53D290485a604d,50000000
686,3964,0x71FFFA78feabF54B1C550bf5fE53D290485a604d,50000000
687,4266,0x71FFFA78feabF54B1C550bf5fE53D290485a604d,50000000
688,4418,0x71FFFA78feabF54B1C550bf5fE53D290485a604d,50000000
689,4115,0x71FFFA78feabF54B1C550bf5fE53D290485a604d,50000000
690,3512,0x71FFFA78feabF54B1C550bf5fE53D290485a604d,50000000
691,3510,0x71FFFA78feabF54B1C550bf5fE53D290485a604d,50000000
692,3362,0x71FFFA78feabF54B1C550bf5fE53D290485a604d,50000000
693,3359,0x71FFFA78feabF54B1C550bf5fE53D290485a604d,50000000
694,3212,0x71FFFA78feabF54B1C550bf5fE53D290485a604d,50000000
695,3364,0x71FFFA78feabF54B1C550bf5fE53D290485a604d,100000000
696,3358,0x71FFFA78feabF54B1C550bf5fE53D290485a604d,100000000
697,3360,0x71FFFA78feabF54B1C550bf5fE53D290485a604d,100000000
698,3209,0x71FFFA78feabF54B1C550bf5fE53D290485a604d,100000000
699,3967,0x71FFFA78feabF54B1C550bf5fE53D290485a604d,100000000
700,3206,0x71FFFA78feabF54B1C550bf5fE53D290485a604d,100000000
701,3814,0x71FFFA78feabF54B1C550bf5fE53D290485a604d,100000000
702,3356,0x71FFFA78feabF54B1C550bf5fE53D290485a604d,100000000
703,3059,0x71FFFA78feabF54B1C550bf5fE53D290485a604d,100000000
704,3057,0x71FFFA78feabF54B1C550bf5fE53D290485a604d,100000000
705,4569,0x71FFFA78feabF54B1C550bf5fE53D290485a604d,100000000
706,5195,0x15462d01Fad3833d72AFEc3d9B063F78A7Cf87E0,100000000
707,18684,0x15462d01Fad3833d72AFEc3d9B063F78A7Cf87E0,100000000
708,18686,0x15462d01Fad3833d72AFEc3d9B063F78A7Cf87E0,200000000
709,18688,0x15462d01Fad3833d72AFEc3d9B063F78A7Cf87E0,200000000
710,18690,0x15462d01Fad3833d72AFEc3d9B063F78A7Cf87E0,200000000
711,18692,0x15462d01Fad3833d72AFEc3d9B063F78A7Cf87E0,200000000
712,18534,0x15462d01Fad3833d72AFEc3d9B063F78A7Cf87E0,100000000
713,18536,0x15462d01Fad3833d72AFEc3d9B063F78A7Cf87E0,200000000
714,18538,0x15462d01Fad3833d72AFEc3d9B063F78A7Cf87E0,200000000
715,18540,0x15462d01Fad3833d72AFEc3d9B063F78A7Cf87E0,200000000
716,18542,0x15462d01Fad3833d72AFEc3d9B063F78A7Cf87E0,200000000
717,18384,0x15462d01Fad3833d72AFEc3d9B063F78A7Cf87E0,200000000
718,18386,0x22F7695c2aDE6c1b62480d1A56b09e7B39FD481a,200000000
719,18388,0x15462d01Fad3833d72AFEc3d9B063F78A7Cf87E0,200000000
720,18390,0x15462d01Fad3833d72AFEc3d9B063F78A7Cf87E0,200000000
721,18234,0x15462d01Fad3833d72AFEc3d9B063F78A7Cf87E0,200000000
722,18236,0x15462d01Fad3833d72AFEc3d9B063F78A7Cf87E0,200000000
723,18238,0x15462d01Fad3833d72AFEc3d9B063F78A7Cf87E0,200000000
724,18240,0x15462d01Fad3833d72AFEc3d9B063F78A7Cf87E0,200000000
725,18082,0x15462d01Fad3833d72AFEc3d9B063F78A7Cf87E0,200000000
726,18084,0x15462d01Fad3833d72AFEc3d9B063F78A7Cf87E0,200000000
727,18086,0x15462d01Fad3833d72AFEc3d9B063F78A7Cf87E0,200000000
728,18088,0x15462d01Fad3833d72AFEc3d9B063F78A7Cf87E0,200000000
729,17932,0x15462d01Fad3833d72AFEc3d9B063F78A7Cf87E0,200000000
730,17934,0x15462d01Fad3833d72AFEc3d9B063F78A7Cf87E0,200000000
731,17936,0x15462d01Fad3833d72AFEc3d9B063F78A7Cf87E0,200000000
732,17938,0x15462d01Fad3833d72AFEc3d9B063F78A7Cf87E0,200000000
733,17780,0x15462d01Fad3833d72AFEc3d9B063F78A7Cf87E0,200000000
734,17782,0x15462d01Fad3833d72AFEc3d9B063F78A7Cf87E0,200000000
735,17784,0x15462d01Fad3833d72AFEc3d9B063F78A7Cf87E0,200000000
736,17786,0x15462d01Fad3833d72AFEc3d9B063F78A7Cf87E0,200000000
737,17630,0x15462d01Fad3833d72AFEc3d9B063F78A7Cf87E0,200000000
738,17632,0x15462d01Fad3833d72AFEc3d9B063F78A7Cf87E0,200000000
739,17634,0x15462d01Fad3833d72AFEc3d9B063F78A7Cf87E0,200000000
740,17636,0x15462d01Fad3833d72AFEc3d9B063F78A7Cf87E0,200000000
741,6538,0x71FFFA78feabF54B1C550bf5fE53D290485a604d,100000000
742,6387,0x71FFFA78feabF54B1C550bf5fE53D290485a604d,100000000
743,6085,0x71FFFA78feabF54B1C550bf5fE53D290485a604d,100000000
744,5935,0x71FFFA78feabF54B1C550bf5fE53D290485a604d,100000000
745,5932,0x71FFFA78feabF54B1C550bf5fE53D290485a604d,100000000
746,5780,0x71FFFA78feabF54B1C550bf5fE53D290485a604d,100000000
747,6236,0x71FFFA78feabF54B1C550bf5fE53D290485a604d,100000000
748,5785,0x71FFFA78feabF54B1C550bf5fE53D290485a604d,100000000
749,5933,0x71FFFA78feabF54B1C550bf5fE53D290485a604d,100000000
750,5781,0x71FFFA78feabF54B1C550bf5fE53D290485a604d,100000000
751,6537,0x71FFFA78feabF54B1C550bf5fE53D290485a604d,100000000
752,6539,0x71FFFA78feabF54B1C550bf5fE53D290485a604d,100000000
753,5635,0x71FFFA78feabF54B1C550bf5fE53D290485a604d,100000000
754,5629,0x71FFFA78feabF54B1C550bf5fE53D290485a604d,100000000
755,5480,0x71FFFA78feabF54B1C550bf5fE53D290485a604d,100000000
756,5479,0x71FFFA78feabF54B1C550bf5fE53D290485a604d,100000000
757,5481,0x71FFFA78feabF54B1C550bf5fE53D290485a604d,100000000
758,5483,0x71FFFA78feabF54B1C550bf5fE53D290485a604d,100000000
759,5783,0x71FFFA78feabF54B1C550bf5fE53D290485a604d,100000000
760,5784,0x71FFFA78feabF54B1C550bf5fE53D290485a604d,100000000
761,5782,0x71FFFA78feabF54B1C550bf5fE53D290485a604d,100000000
762,5329,0x71FFFA78feabF54B1C550bf5fE53D290485a604d,100000000
763,5484,0x71FFFA78feabF54B1C550bf5fE53D290485a604d,100000000
764,5478,0x71FFFA78feabF54B1C550bf5fE53D290485a604d,100000000
765,5477,0x71FFFA78feabF54B1C550bf5fE53D290485a604d,100000000
766,5485,0x71FFFA78feabF54B1C550bf5fE53D290485a604d,100000000
767,5177,0x71FFFA78feabF54B1C550bf5fE53D290485a604d,100000000
768,5482,0x71FFFA78feabF54B1C550bf5fE53D290485a604d,100000000
769,5934,0x71FFFA78feabF54B1C550bf5fE53D290485a604d,100000000
770,18085,0xecBBc62189B18902e9ABE7236eDfA7964F7E3381,100000000
771,12300,0x22F7695c2aDE6c1b62480d1A56b09e7B39FD481a,100000000000
772,3509,0x22F7695c2aDE6c1b62480d1A56b09e7B39FD481a,200000000000
773,6685,0x22F7695c2aDE6c1b62480d1A56b09e7B39FD481a,15000000000
774,6686,0x22F7695c2aDE6c1b62480d1A56b09e7B39FD481a,15000000000
775,6687,0x22F7695c2aDE6c1b62480d1A56b09e7B39FD481a,25000000000
776,6693,0x22F7695c2aDE6c1b62480d1A56b09e7B39FD481a,15000000000
777,6692,0x22F7695c2aDE6c1b62480d1A56b09e7B39FD481a,105000000000
778,6691,0x22F7695c2aDE6c1b62480d1A56b09e7B39FD481a,150000000000
779,6690,0x22F7695c2aDE6c1b62480d1A56b09e7B39FD481a,38000000000
780,6688,0x22F7695c2aDE6c1b62480d1A56b09e7B39FD481a,38000000000
781,6689,0x22F7695c2aDE6c1b62480d1A56b09e7B39FD481a,380000000000
782,3024,0x22F7695c2aDE6c1b62480d1A56b09e7B39FD481a,420000000000
783,69,0x22F7695c2aDE6c1b62480d1A56b09e7B39FD481a,69000000000
784,12452,0x22F7695c2aDE6c1b62480d1A56b09e7B39FD481a,50000000000
785,11389,0x22F7695c2aDE6c1b62480d1A56b09e7B39FD481a,202000000000
786,1064,0x22F7695c2aDE6c1b62480d1A56b09e7B39FD481a,77000000000
787,11103,0x22F7695c2aDE6c1b62480d1A56b09e7B39FD481a,120000000000
788,5632,0x22F7695c2aDE6c1b62480d1A56b09e7B39FD481a,14000000000
789,8236,0x22F7695c2aDE6c1b62480d1A56b09e7B39FD481a,10000000000
790,8237,0x22F7695c2aDE6c1b62480d1A56b09e7B39FD481a,15000000000
791,8388,0x22F7695c2aDE6c1b62480d1A56b09e7B39FD481a,7000000000
792,17933,0x22F7695c2aDE6c1b62480d1A56b09e7B39FD481a,100000000
793,18087,0x22F7695c2aDE6c1b62480d1A56b09e7B39FD481a,100000000
794,8305,0x22F7695c2aDE6c1b62480d1A56b09e7B39FD481a,100000000
795,8306,0x22F7695c2aDE6c1b62480d1A56b09e7B39FD481a,100000000
796,8307,0x22F7695c2aDE6c1b62480d1A56b09e7B39FD481a,100000000
797,8308,0x22F7695c2aDE6c1b62480d1A56b09e7B39FD481a,100000000
798,8309,0x22F7695c2aDE6c1b62480d1A56b09e7B39FD481a,300000000
799,20409,0x22F7695c2aDE6c1b62480d1A56b09e7B39FD481a,100000000
800,20410,0x22F7695c2aDE6c1b62480d1A56b09e7B39FD481a,100000000
801,20258,0x22F7695c2aDE6c1b62480d1A56b09e7B39FD481a,100000000
802,20408,0x22F7695c2aDE6c1b62480d1A56b09e7B39FD481a,100000000
803,4721,0x22F7695c2aDE6c1b62480d1A56b09e7B39FD481a,1000000000
804,4720,0x22F7695c2aDE6c1b62480d1A56b09e7B39FD481a,1000000000
805,3328,0x22F7695c2aDE6c1b62480d1A56b09e7B39FD481a,100000000
806,3479,0x22F7695c2aDE6c1b62480d1A56b09e7B39FD481a,100000000
807,3329,0x22F7695c2aDE6c1b62480d1A56b09e7B39FD481a,100000000
808,3480,0x22F7695c2aDE6c1b62480d1A56b09e7B39FD481a,100000000
809,3632,0x22F7695c2aDE6c1b62480d1A56b09e7B39FD481a,100000000
810,3784,0x22F7695c2aDE6c1b62480d1A56b09e7B39FD481a,100000000
811,3630,0x22F7695c2aDE6c1b62480d1A56b09e7B39FD481a,100000000
812,3330,0x22F7695c2aDE6c1b62480d1A56b09e7B39FD481a,100000000
813,10419,0x22F7695c2aDE6c1b62480d1A56b09e7B39FD481a,69000000000
814,3856,0x22F7695c2aDE6c1b62480d1A56b09e7B39FD481a,20000000000
815,8947,0x22F7695c2aDE6c1b62480d1A56b09e7B39FD481a,10000000000
816,8795,0x22F7695c2aDE6c1b62480d1A56b09e7B39FD481a,8000000000
817,9858,0x22F7695c2aDE6c1b62480d1A56b09e7B39FD481a,12000000000
818,10010,0x22F7695c2aDE6c1b62480d1A56b09e7B39FD481a,8000000000
819,8794,0x22F7695c2aDE6c1b62480d1A56b09e7B39FD481a,100000000
820,8644,0x22F7695c2aDE6c1b62480d1A56b09e7B39FD481a,14000000000
821,8796,0x22F7695c2aDE6c1b62480d1A56b09e7B39FD481a,100000000
822,8946,0x22F7695c2aDE6c1b62480d1A56b09e7B39FD481a,8000000000
823,10009,0x22F7695c2aDE6c1b62480d1A56b09e7B39FD481a,5000000000
824,9859,0x22F7695c2aDE6c1b62480d1A56b09e7B39FD481a,100000000
825,9605,0x15462d01Fad3833d72AFEc3d9B063F78A7Cf87E0,100000000
826,9604,0x15462d01Fad3833d72AFEc3d9B063F78A7Cf87E0,100000000
827,9756,0x15462d01Fad3833d72AFEc3d9B063F78A7Cf87E0,100000000
828,420,0x22F7695c2aDE6c1b62480d1A56b09e7B39FD481a,42000000000
829,9746,0x22F7695c2aDE6c1b62480d1A56b09e7B39FD481a,100000000
830,9745,0x22F7695c2aDE6c1b62480d1A56b09e7B39FD481a,100000000
831,4172,0x22F7695c2aDE6c1b62480d1A56b09e7B39FD481a,1000000000
832,4323,0x22F7695c2aDE6c1b62480d1A56b09e7B39FD481a,1000000000
833,12877,0x71FFFA78feabF54B1C550bf5fE53D290485a604d,100000000
834,12726,0x71FFFA78feabF54B1C550bf5fE53D290485a604d,100000000
835,13027,0x71FFFA78feabF54B1C550bf5fE53D290485a604d,100000000
836,12574,0x71FFFA78feabF54B1C550bf5fE53D290485a604d,100000000
